job_title,experience_level,employment_type,salary,salary_in_usd,company_size,remote_ratio,company_location
Analyst,MI,FT,48354,-5000,L,50,US
ML Engineer,MI,FT,52190,5000000,M,50,DE
Data Scientist,SE,FT,36142,30192,M,0,CA
Analyst,EN,FT,189470,66413,L,0,IN
Analyst,MI,FT,71862,173888,L,50,GB
ML Engineer,SE,FT,180575,69082,S,0,GB
Data Scientist,EX,FT,155438,95048,S,50,US
Data Scientist,EN,FT,78456,153130,S,0,CA
Analyst,EX,FT,130167,80940,L,0,DE
Data Engineer,EN,FT,112035,193202,L,0,GB
Analyst,MI,FT,38016,70142,L,0,US
Analyst,MI,FT,32384,66468,S,50,CA
Analyst,EX,CT,176144,191770,M,100,CA
Analyst,EN,FT,132239,171727,L,0,US
ML Engineer,SE,FT,141431,191147,M,50,US
Data Scientist,SE,FT,110018,170431,M,50,DE
ML Engineer,SE,FT,70510,159048,M,0,US
ML Engineer,EN,FT,51826,72056,S,100,DE
ML Engineer,EX,FT,98026,81831,M,0,DE
Analyst,SE,PT,151668,89191,L,50,IN
Data Engineer,MI,FT,186590,151948,S,100,CA
Data Scientist,SE,PT,54045,194344,L,50,CA
Data Engineer,EX,FT,120102,138117,L,0,CA
ML Engineer,EN,FT,81919,44671,S,100,IN
ML Engineer,EN,FT,129441,57048,L,50,DE
Data Engineer,MI,FT,188175,55963,L,50,DE
Data Engineer,MI,FT,197260,73954,S,50,US
Data Engineer,SE,FT,166917,125430,L,0,IN
ML Engineer,SE,FT,197746,30717,M,100,US
ML Engineer,EN,FT,148325,41676,L,0,IN
Data Scientist,EN,FT,49337,165506,M,0,US
Data Scientist,EX,FT,183385,148696,L,0,GB
ML Engineer,EX,FT,188015,160830,S,100,CA
Data Engineer,MI,FT,107949,34994,S,0,CA
Data Engineer,EN,FT,30276,34234,L,0,DE
Data Scientist,EX,FT,81151,99300,S,0,GB
ML Engineer,EN,FT,178683,73949,L,0,CA
Data Scientist,SE,FT,173016,67405,S,50,DE
Data Scientist,MI,FT,82887,64872,M,0,GB
Analyst,SE,FT,111442,72215,L,50,CA
Analyst,EX,FT,79847,53185,M,0,US
Analyst,MI,FT,88653,71153,M,100,IN
Data Engineer,SE,FT,86622,107535,L,50,GB
ML Engineer,MI,FT,57810,163653,M,50,DE
ML Engineer,MI,CT,107842,81717,L,50,GB
ML Engineer,SE,FT,152225,32763,M,50,DE
ML Engineer,SE,FT,40503,122910,L,100,GB
Analyst,MI,FT,114761,85480,L,0,DE
Data Engineer,MI,FT,198048,199831,S,50,CA
Data Engineer,EN,FT,156439,148094,L,100,US
Analyst,MI,CT,41590,186379,L,50,CA
Data Engineer,EN,FT,171958,41064,M,0,US
Analyst,MI,FT,173938,106848,L,50,CA
ML Engineer,MI,FT,96624,67548,S,100,CA
Analyst,EN,FT,193864,198017,M,0,GB
ML Engineer,MI,FT,170836,36476,M,100,IN
ML Engineer,SE,FT,150356,120101,S,0,DE
Data Scientist,SE,FT,72727,32382,M,0,DE
Analyst,EN,FT,108471,194474,M,0,DE
Data Scientist,MI,PT,38068,188018,M,50,US
Analyst,EN,FT,146923,109698,M,100,DE
Analyst,SE,FT,168367,183407,S,100,DE
Data Scientist,SE,FT,41390,75095,S,100,GB
Data Scientist,SE,FT,136752,159974,M,0,CA
Analyst,SE,FT,181203,57197,M,50,DE
Data Engineer,MI,FT,124754,157619,S,0,IN
ML Engineer,SE,FT,105969,52010,S,100,DE
Data Scientist,MI,FT,176110,185195,S,50,US
ML Engineer,EX,FT,107064,117923,M,50,US
Data Engineer,SE,FT,51281,163962,M,50,US
Data Engineer,MI,FT,84189,160526,L,100,DE
Data Engineer,EN,FT,78511,139162,S,50,GB
Data Scientist,SE,FT,152115,150927,M,50,IN
Data Engineer,MI,FT,38605,38026,S,0,DE
Data Scientist,EN,FT,130318,94925,M,0,GB
Data Engineer,EX,FT,162453,98842,S,50,GB
ML Engineer,SE,FT,49810,63665,M,50,DE
ML Engineer,EX,FT,185394,39277,L,0,DE
Analyst,MI,FT,71869,78008,L,0,GB
ML Engineer,SE,FT,62955,44683,S,0,GB
Analyst,MI,FT,91388,161742,M,100,GB
ML Engineer,EX,FT,40207,178961,M,100,DE
Data Scientist,MI,FT,189292,108542,S,0,GB
ML Engineer,SE,FT,52031,84319,M,50,US
Analyst,MI,FL,110807,122067,S,0,DE
Analyst,SE,FT,101312,182711,M,100,US
Data Engineer,SE,FT,89766,177705,S,50,CA
Data Scientist,SE,FT,173521,195732,M,100,DE
ML Engineer,SE,FT,119833,98975,S,50,CA
Data Engineer,SE,FT,141041,193244,M,100,GB
ML Engineer,SE,FT,146185,131158,L,50,GB
ML Engineer,MI,FL,40350,41577,M,50,IN
Data Engineer,SE,FT,130859,107299,S,50,GB
Data Engineer,SE,FT,98487,50176,L,50,CA
Data Engineer,EN,FT,178694,93972,M,100,GB
Data Engineer,MI,FT,153853,150018,L,100,DE
Data Engineer,MI,FT,83117,49996,M,50,GB
ML Engineer,SE,FT,131084,130922,L,50,IN
Data Engineer,SE,FT,53782,116598,S,100,GB
Data Scientist,SE,FT,58454,65931,M,50,CA
Analyst,SE,FT,97904,154168,M,50,CA
Data Engineer,SE,FT,159936,196782,S,50,GB
Data Engineer,SE,FT,176664,153099,L,0,CA
ML Engineer,SE,FT,183245,64693,S,50,CA
Data Engineer,SE,FT,194276,196812,S,0,IN
Data Engineer,MI,FT,196668,138944,L,50,DE
Data Engineer,SE,FT,195396,47374,S,100,IN
ML Engineer,SE,FT,152258,111471,M,0,US
Data Engineer,MI,FT,141668,75913,M,0,IN
Analyst,MI,FT,154184,153683,M,50,GB
ML Engineer,SE,FT,191822,74516,S,50,DE
Analyst,EN,FT,46566,117796,M,0,GB
ML Engineer,MI,FT,168262,56069,M,100,US
Data Engineer,SE,FT,68333,148333,M,100,DE
Analyst,EN,FT,151929,114811,M,50,CA
ML Engineer,EX,FT,119571,148028,M,100,IN
Data Scientist,SE,FL,150263,69178,M,100,GB
Data Engineer,SE,FT,162661,62821,S,50,US
ML Engineer,EN,FT,55235,46999,M,100,CA
Data Scientist,EN,FT,30159,68712,M,50,IN
ML Engineer,SE,FT,173217,63722,L,0,CA
Data Scientist,SE,FT,192993,40625,S,50,IN
Data Engineer,SE,FT,134859,36859,S,0,DE
Analyst,MI,CT,177309,140986,S,0,CA
Data Scientist,MI,FT,137507,51839,S,100,CA
ML Engineer,SE,FT,169316,57216,M,100,CA
Data Engineer,MI,FT,44743,82953,M,100,DE
Data Scientist,EN,FT,76101,79522,L,50,US
ML Engineer,SE,FT,151534,165958,L,100,IN
ML Engineer,SE,FT,114227,141249,S,0,CA
ML Engineer,EN,FT,101126,37485,L,100,DE
Data Scientist,EN,FT,86071,192527,L,100,US
Data Scientist,MI,FT,104763,177839,S,50,IN
Data Scientist,MI,FT,173309,142701,S,50,DE
Analyst,SE,PT,176721,189525,L,0,IN
Data Scientist,MI,FT,198785,132638,M,50,CA
Data Scientist,MI,FT,76154,42226,L,100,US
Data Scientist,SE,FT,37016,123405,L,50,DE
Analyst,SE,FL,119678,52588,M,0,US
Data Scientist,SE,PT,142056,192781,M,100,CA
ML Engineer,SE,FT,84238,67019,S,0,US
Data Scientist,SE,FT,88608,95133,S,50,US
ML Engineer,SE,FT,119081,144444,L,50,GB
ML Engineer,SE,FT,192969,147603,M,0,US
ML Engineer,SE,FT,80961,188598,S,100,IN
Analyst,EN,FT,56917,158585,L,50,DE
Analyst,MI,FT,183808,73395,M,50,GB
Analyst,MI,FT,57990,185103,L,100,DE
Data Scientist,EN,FT,92551,155814,S,50,DE
ML Engineer,MI,FT,183512,198773,S,0,CA
Analyst,SE,FT,196277,142599,M,50,CA
Analyst,MI,FT,110811,55939,L,50,GB
Data Scientist,MI,FT,85103,181396,M,100,CA
Analyst,EN,FT,136122,183939,S,0,CA
Data Scientist,MI,FT,49008,30203,S,100,CA
Data Engineer,SE,PT,62402,177616,L,50,DE
Analyst,SE,FT,166865,176971,L,50,GB
Data Engineer,SE,FT,166643,59063,L,100,DE
Data Scientist,MI,FT,177281,120880,M,100,IN
ML Engineer,MI,FT,143550,33748,L,100,DE
Analyst,SE,FT,121218,147269,L,0,IN
Data Scientist,EX,FT,163296,110764,S,50,US
ML Engineer,MI,PT,150779,181956,S,100,US
ML Engineer,SE,FT,159714,186255,L,50,IN
Data Engineer,SE,FL,62441,138036,L,0,IN
Data Scientist,SE,FT,92368,180331,S,0,DE
ML Engineer,SE,FT,122122,197031,L,0,IN
Analyst,SE,PT,74760,146525,M,0,GB
Analyst,SE,FT,53478,194529,M,50,US
Data Engineer,SE,FT,157881,115679,M,0,US
ML Engineer,SE,FT,101854,155829,L,0,IN
Data Scientist,EN,FT,124230,158216,S,100,CA
Analyst,SE,FT,115716,163175,L,0,CA
ML Engineer,MI,FT,173252,95901,L,100,IN
ML Engineer,MI,FT,128538,177175,S,0,GB
Data Engineer,EX,FT,45372,128046,S,0,CA
Analyst,SE,FT,59796,120012,S,100,IN
Analyst,SE,FT,128826,108278,M,0,GB
Data Scientist,EX,FT,150592,42391,L,50,GB
Analyst,EN,FT,123635,132476,S,50,DE
Data Scientist,EN,FT,141022,189973,L,0,GB
Analyst,SE,CT,84040,150721,M,50,CA
Data Engineer,SE,FT,105357,127537,M,100,CA
Analyst,MI,FT,108356,111159,S,0,IN
Data Scientist,EX,FT,46211,161040,S,0,IN
Data Scientist,MI,FT,135426,199509,L,100,GB
Data Engineer,MI,PT,35842,65503,S,100,US
Analyst,SE,FT,96852,105403,L,100,DE
Analyst,EN,FT,155737,194796,S,0,US
Data Engineer,SE,FT,75968,94286,L,100,GB
Analyst,SE,FT,47508,104842,L,100,GB
Analyst,MI,FT,183077,134927,L,50,US
Data Scientist,MI,FT,84575,44908,L,50,DE
Analyst,SE,FT,180043,67228,M,0,US
Analyst,SE,FT,186671,53386,L,50,IN
Data Engineer,MI,FT,96914,58302,S,50,CA
Data Engineer,SE,FT,97055,90815,M,100,IN
ML Engineer,MI,FT,117697,93344,M,100,CA
Data Scientist,SE,CT,136239,196690,L,50,GB
Analyst,MI,FT,153106,141603,M,50,DE
Analyst,MI,CT,35355,91114,L,50,US
ML Engineer,SE,FT,84120,55525,S,0,DE
Analyst,SE,FT,68342,109818,L,0,US
Data Scientist,SE,FT,32257,144589,M,0,IN
ML Engineer,SE,FT,57364,175406,S,50,IN
Data Scientist,EX,FT,186044,124715,L,50,US
ML Engineer,SE,FT,141715,36644,S,0,DE
ML Engineer,EN,FT,56654,131154,S,0,US
Data Engineer,SE,FT,111423,194005,M,50,GB
Data Scientist,MI,FT,59320,73469,S,100,IN
Analyst,EN,FT,50808,194759,M,0,GB
Analyst,MI,FT,82389,136609,S,50,IN
Data Scientist,MI,FT,148581,178447,L,50,IN
Analyst,MI,FT,157927,95206,S,100,CA
Analyst,SE,FT,64773,126462,L,50,GB
Data Scientist,EX,FL,188819,197679,L,50,GB
ML Engineer,EN,FT,106396,113178,S,0,CA
Data Scientist,EX,FT,137692,185065,L,0,DE
ML Engineer,SE,FL,87505,116724,S,100,GB
Analyst,EN,FT,115896,126393,S,100,US
Analyst,EX,FT,48135,157314,L,50,CA
Analyst,SE,FT,120887,106312,L,0,GB
Data Engineer,SE,FT,152118,105324,M,100,DE
ML Engineer,EN,FT,77377,101196,L,100,GB
Data Engineer,MI,FT,184626,100014,M,100,IN
Data Engineer,EN,FT,92491,169282,L,50,US
Data Scientist,SE,FT,88283,171994,S,0,CA
Data Engineer,EN,FL,46923,197361,L,100,IN
Data Scientist,SE,FT,77591,63340,S,0,DE
Data Scientist,SE,FT,92261,69850,S,100,IN
Data Engineer,SE,FT,84336,143711,S,100,IN
ML Engineer,EN,FT,104083,41094,M,0,DE
ML Engineer,MI,FT,90948,117959,L,0,IN
ML Engineer,MI,FT,194074,194490,S,0,CA
ML Engineer,SE,FT,56672,35741,S,50,GB
ML Engineer,EN,FT,34213,141585,M,100,IN
Data Engineer,SE,FT,171365,152564,L,50,CA
Data Engineer,EN,FT,92507,98798,L,0,GB
Analyst,MI,FT,87134,146026,M,100,GB
ML Engineer,SE,FT,163172,140130,M,50,IN
Data Engineer,MI,FT,58172,52164,L,100,CA
Analyst,SE,FT,50132,196667,M,50,IN
ML Engineer,EN,FT,48199,60257,L,0,DE
Data Scientist,MI,FT,66609,175283,L,50,GB
Analyst,SE,FT,169088,125989,S,100,IN
Data Engineer,EN,FT,61881,166304,S,100,GB
Data Scientist,SE,FT,54472,82691,L,100,CA
Data Scientist,MI,FT,197093,109768,L,100,US
Data Scientist,EX,FT,84131,186685,L,0,IN
Analyst,MI,FT,185159,44026,L,50,IN
Data Engineer,SE,FT,42828,60908,L,0,GB
Data Scientist,EX,FT,126664,49610,L,0,CA
ML Engineer,MI,FT,162473,93185,M,0,DE
Data Scientist,SE,FT,45193,102567,L,100,CA
Data Scientist,SE,CT,181379,66182,M,100,IN
Analyst,EN,FT,132518,146136,M,100,DE
Analyst,MI,CT,49611,161642,L,50,CA
Data Engineer,MI,FT,173022,49288,L,100,US
ML Engineer,EN,FT,106240,108824,M,50,GB
Analyst,EN,FT,32745,190949,M,100,CA
Data Scientist,SE,FT,85243,114425,L,100,CA
Data Engineer,SE,FT,33866,30917,L,0,US
Data Scientist,SE,FT,193317,105602,M,0,IN
Data Scientist,EN,FT,158681,94575,M,0,GB
Analyst,SE,FT,101354,102518,M,50,CA
Data Engineer,MI,FT,81374,69104,S,50,DE
ML Engineer,EN,FT,144397,179134,M,100,CA
ML Engineer,EN,FT,154577,46999,S,50,GB
Analyst,SE,FT,191188,171013,L,100,CA
Analyst,EN,FT,111029,91169,L,50,US
Data Engineer,SE,FT,123574,184542,M,50,CA
ML Engineer,EN,FT,181519,159744,L,50,CA
ML Engineer,SE,FT,60431,140684,L,0,DE
ML Engineer,SE,CT,178980,89821,L,50,US
Data Scientist,EN,FT,59336,165601,L,0,US
ML Engineer,SE,FT,70992,42192,S,0,CA
Data Scientist,SE,FT,85350,104102,S,50,DE
Data Engineer,EN,FT,99561,144894,M,100,CA
Data Scientist,EN,FT,81955,116795,M,100,CA
Data Engineer,MI,FT,91240,195159,M,100,GB
ML Engineer,MI,FT,181165,96677,L,50,GB
ML Engineer,MI,PT,167227,165699,L,100,DE
Data Engineer,SE,FT,76607,164327,S,0,IN
Analyst,SE,FT,194559,166285,S,100,GB
Data Engineer,SE,FT,182035,132412,M,50,IN
Analyst,EX,FT,82870,49404,S,100,US
Data Scientist,MI,FT,94110,146545,S,0,GB
Data Scientist,MI,FT,182008,186452,S,50,GB
Data Scientist,MI,FT,146895,180245,S,100,DE
ML Engineer,EX,FT,34426,53989,S,50,IN
Data Scientist,SE,FT,57606,138106,M,50,GB
Analyst,MI,FT,58151,54519,M,50,GB
Data Scientist,MI,FT,41308,52439,S,100,DE
Data Engineer,MI,FT,120306,148570,M,50,DE
Data Engineer,SE,FT,136984,44995,L,100,IN
ML Engineer,EN,FT,32204,53559,S,0,US
Data Engineer,EX,FT,122769,119049,L,100,US
Analyst,MI,FT,117265,166093,M,0,CA
Data Scientist,MI,FT,61131,128000,M,100,GB
ML Engineer,EX,FT,82428,182191,L,50,IN
Data Scientist,EN,CT,63870,69350,M,100,GB
Data Scientist,SE,FT,133547,55517,S,50,IN
Analyst,MI,FT,79067,183322,L,0,IN
Data Engineer,MI,FT,142217,119132,S,100,IN
Data Engineer,MI,FT,182679,89546,L,50,GB
Data Scientist,EN,FT,186040,135686,M,0,DE
ML Engineer,EX,FT,128934,118151,L,0,GB
Data Engineer,EX,FT,172980,33327,L,100,IN
ML Engineer,MI,FT,187495,150318,S,0,CA
Data Engineer,SE,FT,104707,190840,M,50,US
ML Engineer,EX,FT,91215,145945,S,0,IN
Analyst,EN,FT,79429,76830,M,0,CA
ML Engineer,SE,FT,112152,82446,S,50,DE
Analyst,EX,FT,138048,176232,L,0,IN
Analyst,EN,FT,199530,195070,S,0,CA
ML Engineer,MI,CT,168731,188302,M,0,IN
Analyst,MI,FT,107240,170148,M,0,GB
Data Scientist,SE,FT,193865,99341,L,50,CA
Analyst,SE,FT,143688,61085,M,0,GB
Data Engineer,SE,FT,76473,85571,S,50,GB
ML Engineer,EN,FT,126762,175787,L,0,CA
Data Scientist,SE,FT,136956,158308,M,0,US
ML Engineer,SE,FT,148452,35750,M,0,CA
Data Engineer,SE,FT,156311,143931,S,0,US
Data Engineer,MI,FT,37006,108768,S,50,IN
Data Engineer,EX,FT,104218,65903,L,50,IN
Analyst,SE,FT,194912,193165,M,50,CA
Analyst,SE,CT,62430,121036,S,100,IN
ML Engineer,EN,FT,53091,117954,L,0,DE
ML Engineer,MI,FT,194055,195386,M,0,GB
Data Scientist,SE,CT,53989,113014,M,50,GB
Data Scientist,MI,FT,105451,196251,L,100,US
ML Engineer,SE,FT,48990,147305,L,0,IN
Analyst,SE,FT,120270,186410,S,50,US
Data Engineer,MI,FT,110360,62101,M,0,GB
ML Engineer,MI,FT,66081,32775,M,0,GB
Data Scientist,EX,FT,172105,141497,M,50,IN
Analyst,SE,FT,138272,75619,L,50,DE
ML Engineer,MI,PT,46241,180611,S,0,DE
ML Engineer,MI,FT,154932,87124,M,0,IN
Analyst,SE,FT,35939,95149,L,50,IN
ML Engineer,MI,FT,143000,56616,M,0,US
Analyst,SE,FT,65063,198171,S,0,IN
Data Engineer,EX,FT,188117,91799,M,50,DE
Analyst,SE,PT,77118,120221,S,0,IN
Analyst,MI,FT,114703,144879,S,0,US
Analyst,SE,FT,182697,55479,M,100,US
ML Engineer,EX,FT,158557,129165,M,50,US
ML Engineer,MI,FT,57076,85863,S,100,US
Analyst,MI,FT,74605,112569,L,100,CA
ML Engineer,SE,FT,114565,176480,S,100,IN
Data Scientist,EN,FT,69121,46351,M,0,GB
Data Scientist,SE,FT,61433,165203,M,0,IN
ML Engineer,EN,FT,73309,74825,L,100,CA
ML Engineer,SE,PT,97468,41349,S,100,US
Analyst,SE,FT,97293,74254,S,100,CA
Data Engineer,SE,FT,126258,68225,S,0,DE
ML Engineer,MI,FT,198925,42453,M,100,DE
Data Scientist,MI,FT,68405,179886,S,100,IN
Analyst,SE,FT,73527,179335,L,50,IN
ML Engineer,EN,FT,107227,107694,M,50,GB
Data Scientist,MI,FT,161564,45735,M,0,GB
Data Scientist,MI,FT,169883,176902,S,50,DE
Data Engineer,MI,FT,123344,77893,L,50,US
Analyst,MI,FL,185344,157006,M,50,CA
Analyst,MI,PT,77153,75066,M,0,GB
Data Engineer,SE,FT,138042,164445,S,50,GB
Data Engineer,SE,FT,84110,171407,S,0,US
Analyst,EN,FT,175051,184813,L,100,US
Analyst,EX,FT,58328,40692,S,50,IN
ML Engineer,SE,FT,142911,75541,L,0,CA
ML Engineer,SE,FT,42867,195129,M,50,US
Data Engineer,MI,FT,89234,96983,L,100,GB
ML Engineer,MI,FT,55851,180655,L,0,GB
Data Scientist,SE,FT,61279,183837,L,0,DE
ML Engineer,SE,FT,103402,184978,M,0,US
ML Engineer,EN,FT,45449,150747,S,100,IN
Data Scientist,MI,FT,106221,115103,M,100,CA
Data Engineer,SE,FT,119080,199302,S,100,IN
Data Scientist,SE,FT,35451,180592,L,0,GB
ML Engineer,SE,FT,117178,55566,L,100,IN
Data Engineer,MI,FT,93761,103193,L,50,GB
ML Engineer,SE,FT,68870,191206,L,100,GB
Data Scientist,SE,FT,126566,171417,L,0,GB
Data Scientist,EN,FT,153749,151015,S,50,GB
ML Engineer,SE,FT,153765,160956,S,100,GB
Analyst,MI,FT,154881,100744,L,50,DE
Analyst,SE,FT,191945,63455,M,50,IN
Data Scientist,SE,FT,158389,189090,M,0,DE
Data Scientist,SE,FL,55372,84219,L,50,DE
Analyst,EN,FT,33642,75991,S,50,US
Analyst,EN,FT,189073,103616,M,0,US
ML Engineer,EN,FT,64064,117438,M,0,US
ML Engineer,SE,FT,44122,146841,M,0,CA
Analyst,MI,FT,185892,170558,L,50,US
ML Engineer,SE,FT,98431,199934,M,50,IN
ML Engineer,SE,FT,85745,88870,M,50,DE
Data Engineer,EN,FT,80081,116694,M,0,IN
ML Engineer,SE,FT,169783,73856,M,100,US
Data Scientist,SE,FT,179865,131407,S,50,CA
ML Engineer,SE,FT,169271,61379,L,100,CA
ML Engineer,SE,FT,106253,94729,L,0,DE
Analyst,SE,FT,66191,189450,S,50,IN
Data Scientist,MI,FT,40211,84353,S,100,GB
ML Engineer,MI,FT,141086,44031,L,50,IN
ML Engineer,EN,FT,182614,95982,M,50,US
Data Engineer,EN,CT,192384,66683,M,50,GB
ML Engineer,SE,FT,131971,144091,L,100,CA
ML Engineer,SE,FT,123783,147797,M,0,DE
Data Engineer,SE,FT,155681,178690,S,50,DE
Analyst,MI,FT,117893,36587,M,0,CA
ML Engineer,SE,FT,188763,92790,M,0,US
Data Engineer,MI,FL,107960,61480,M,100,CA
Data Scientist,MI,FT,114388,181599,L,100,US
Analyst,MI,FT,52601,53569,S,0,GB
Data Scientist,MI,FT,179092,41151,M,50,CA
Data Scientist,SE,FT,169227,74739,L,100,US
Data Engineer,EX,FT,197849,62954,M,50,GB
ML Engineer,EN,FT,49710,139373,S,50,CA
Data Engineer,SE,FT,138714,196375,M,50,DE
Data Engineer,EN,FT,185604,64700,S,0,CA
Data Engineer,MI,FT,158727,153728,M,50,IN
Data Engineer,EN,FT,179673,96788,S,0,CA
Analyst,EN,FT,93227,101045,M,0,IN
ML Engineer,MI,FT,166039,198914,S,50,GB
Data Scientist,SE,FT,114289,174972,M,50,CA
Data Scientist,SE,FT,181094,157992,M,50,GB
ML Engineer,MI,FT,35722,110059,L,50,GB
Data Scientist,MI,FT,188485,31881,L,0,US
ML Engineer,SE,FT,111050,194109,S,50,GB
Data Scientist,SE,FT,113596,162702,M,50,GB
Data Engineer,EN,FT,96732,50789,S,0,CA
Data Scientist,EX,FT,173369,156083,L,100,CA
ML Engineer,MI,FT,98323,118059,S,100,DE
ML Engineer,SE,FT,53816,76151,S,0,US
ML Engineer,SE,FT,70695,139388,L,100,GB
ML Engineer,SE,FT,180774,33262,M,0,US
ML Engineer,EX,FT,186314,96981,S,50,IN
Analyst,SE,FT,85841,150951,L,50,GB
Analyst,MI,FT,158498,153099,M,100,US
Data Scientist,SE,FT,137096,111972,L,50,DE
ML Engineer,MI,FT,122764,105485,S,100,DE
Data Scientist,MI,FT,115744,84722,M,100,GB
ML Engineer,EN,FT,58482,119499,M,50,IN
ML Engineer,SE,FT,39171,191004,L,50,DE
Analyst,SE,FT,130755,36901,L,100,DE
Analyst,SE,FT,138125,147473,L,50,IN
Data Engineer,EX,FT,160722,38597,M,0,US
Analyst,EN,FT,136082,159631,M,50,DE
Data Engineer,MI,FT,33696,93909,S,50,CA
Data Engineer,MI,FT,156310,102391,M,0,DE
Data Engineer,MI,FT,181130,169335,S,50,US
Data Engineer,SE,FT,181385,93293,L,50,US
Data Engineer,EX,FT,49149,186877,L,100,GB
Data Scientist,MI,FL,160064,41874,M,50,CA
Analyst,SE,PT,83521,116402,L,50,US
Data Engineer,MI,FT,75740,44079,L,0,IN
ML Engineer,SE,FT,136611,102779,M,100,CA
Analyst,SE,FT,166028,125408,S,100,CA
Analyst,EN,FT,96641,170090,M,100,IN
Data Engineer,SE,FT,93811,150606,S,50,DE
Data Scientist,MI,FT,93232,150062,M,100,IN
Data Engineer,SE,FT,45417,42100,M,0,IN
Data Scientist,SE,FT,185801,87021,L,100,DE
ML Engineer,SE,FT,142492,180872,M,0,DE
Analyst,SE,FT,60099,158126,M,100,DE
ML Engineer,EN,FT,191033,122446,S,100,DE
Data Scientist,SE,FT,173674,59437,L,0,DE
Data Scientist,MI,FT,148474,181014,S,100,IN
ML Engineer,MI,FT,39256,50862,S,100,GB
Data Scientist,MI,FT,64681,41669,L,100,GB
ML Engineer,EX,FT,121328,151219,L,50,US
Analyst,EN,FT,73361,45916,L,0,GB
ML Engineer,SE,FT,64540,40878,M,100,GB
Analyst,SE,FT,187608,32985,L,0,IN
ML Engineer,SE,PT,114700,71235,L,0,DE
Data Scientist,MI,FT,108532,48931,L,0,DE
ML Engineer,SE,FT,157626,122876,S,100,IN
Data Scientist,MI,FT,163943,30336,S,100,GB
ML Engineer,MI,FT,76002,72933,M,0,IN
ML Engineer,SE,FT,79812,75536,S,50,US
Data Engineer,EN,FT,183698,99504,M,0,DE
Data Scientist,SE,FT,138946,129214,S,50,CA
Data Engineer,SE,FT,96668,143936,L,0,US
Data Scientist,EN,FT,129003,46279,S,0,US
Data Engineer,MI,FT,72998,133751,M,0,IN
Analyst,MI,FT,134601,134433,S,100,GB
ML Engineer,MI,FT,37812,101386,L,50,DE
Data Scientist,SE,FT,91844,116124,M,50,CA
Data Scientist,EN,FT,163251,135750,L,0,US
ML Engineer,EN,FT,104601,107485,L,100,CA
Data Scientist,MI,FT,169347,104055,M,100,GB
Data Scientist,SE,FT,77857,121911,L,50,GB
Data Engineer,MI,FT,155555,128618,L,100,CA
Data Scientist,SE,FT,50700,143892,S,50,DE
Analyst,SE,FT,123330,101128,L,50,GB
Analyst,EX,CT,174941,179180,L,50,CA
ML Engineer,SE,FT,182026,82495,L,100,US
Data Scientist,EX,FT,192627,112806,L,50,CA
ML Engineer,MI,FT,93353,123185,M,50,CA
Analyst,SE,FT,130772,79649,S,0,IN
Data Scientist,MI,FT,121502,195596,L,50,GB
Data Scientist,EN,PT,143943,194957,L,50,DE
ML Engineer,EN,FT,139850,125402,M,0,DE
Analyst,EN,FT,75095,60676,L,0,IN
Data Scientist,MI,FT,175342,94093,M,100,DE
ML Engineer,MI,FT,191980,109414,S,50,CA
Analyst,EN,FT,45523,123095,S,100,IN
ML Engineer,SE,FT,92433,102307,L,100,US
Data Engineer,MI,FT,49991,125432,L,0,GB
Data Scientist,SE,FT,40775,61923,L,100,GB
Data Engineer,EX,FT,114995,147449,M,50,GB
Analyst,EX,PT,177745,77574,L,0,CA
Data Engineer,SE,FT,152808,151757,L,50,US
Data Engineer,EN,FT,188128,83664,S,50,IN
Analyst,EX,FT,167686,97384,L,0,IN
ML Engineer,SE,FT,37415,61027,S,50,GB
Data Engineer,MI,FT,178036,196536,L,0,US
ML Engineer,EX,FT,198798,64485,S,50,US
Data Engineer,SE,FT,67044,180528,L,0,US
ML Engineer,MI,CT,198616,65554,S,100,DE
Analyst,SE,FT,79976,76922,M,50,DE
Data Engineer,EX,PT,193324,43409,S,0,GB
Analyst,EX,FT,33832,66639,S,50,US
Data Engineer,EX,FT,64148,49692,S,50,US
Analyst,MI,FT,142230,119037,L,50,IN
Analyst,EN,FT,115076,48074,L,0,IN
Data Engineer,EN,FL,68402,176621,L,100,GB
Data Engineer,SE,FT,68578,59963,M,100,US
Data Engineer,EN,FT,120453,82265,M,100,GB
Data Scientist,SE,FT,183390,46061,S,0,IN
ML Engineer,MI,FT,105715,189882,M,100,IN
Data Scientist,SE,FT,141435,143502,S,0,DE
Data Scientist,SE,CT,181538,52800,S,50,GB
Analyst,SE,FT,125742,146192,S,50,GB
Data Engineer,MI,FT,75475,137228,M,100,US
ML Engineer,SE,FT,90142,58054,L,0,US
Analyst,EN,FT,187636,43233,M,50,DE
Data Scientist,SE,FT,183484,186140,S,0,CA
Data Engineer,SE,FT,123526,95727,S,0,CA
Analyst,MI,FT,81001,120610,M,50,CA
Data Engineer,EN,FT,87649,100453,S,0,GB
Analyst,SE,FT,196589,134135,S,50,GB
Data Engineer,MI,FT,174228,186904,M,50,IN
Data Scientist,EN,FT,184136,138464,M,50,GB
ML Engineer,MI,FT,55711,43682,M,0,GB
Data Scientist,SE,FT,60106,184455,S,50,GB
ML Engineer,SE,FT,95458,88160,S,0,DE
Data Engineer,EN,FT,177661,53666,L,50,GB
Analyst,SE,FT,160429,88817,L,50,US
Data Scientist,EN,FT,131754,121198,M,100,US
ML Engineer,MI,FT,168286,195714,L,100,IN
Data Scientist,EX,FT,156479,71830,S,100,DE
ML Engineer,EN,PT,188199,40234,L,0,US
Data Scientist,EX,FT,166213,87616,S,0,DE
ML Engineer,SE,FT,58884,39221,M,50,DE
ML Engineer,EN,FT,32708,172482,M,50,IN
Data Engineer,MI,FT,48375,31051,S,50,DE
ML Engineer,MI,FT,45088,140529,L,50,GB
Data Engineer,MI,FT,87615,106918,M,0,DE
ML Engineer,EN,FT,140138,108116,M,50,IN
Analyst,EX,FT,40014,152226,L,50,IN
Analyst,EN,FT,164345,74757,L,100,IN
Analyst,MI,FT,132842,151008,S,50,US
ML Engineer,MI,FT,191953,161379,L,50,GB
Data Engineer,EN,FT,108077,86889,L,50,US
Data Engineer,SE,FT,169784,65944,L,0,CA
ML Engineer,SE,FT,82874,129555,S,100,GB
Analyst,SE,FT,99087,68134,S,50,DE
Analyst,SE,FT,42297,188395,M,50,IN
Data Engineer,SE,FT,57128,55954,S,100,CA
Analyst,SE,FT,98368,119959,M,50,GB
Data Scientist,SE,FT,108958,34992,L,0,US
Data Engineer,SE,FT,62920,31961,M,50,IN
Analyst,EX,FT,172228,42497,M,0,US
Data Engineer,MI,FT,172180,193623,L,0,GB
Data Scientist,SE,FT,192917,43255,M,50,GB
Data Engineer,MI,FT,163872,165639,S,100,CA
Data Engineer,SE,FL,163682,78847,S,0,DE
Data Engineer,EX,FT,107603,50389,S,100,US
Data Engineer,EN,FT,63872,153802,S,50,CA
Data Scientist,SE,FT,40728,91576,M,0,IN
ML Engineer,MI,FT,125102,73919,M,50,DE
Data Engineer,EN,PT,152049,33358,L,100,CA
Data Engineer,EX,FT,50583,118535,M,50,US
Analyst,MI,FT,115774,135982,M,50,GB
Data Engineer,MI,FT,168335,35698,M,0,IN
Analyst,SE,FT,156374,96809,L,50,US
ML Engineer,EX,FT,180528,123079,S,50,DE
Data Scientist,SE,FT,121118,85805,M,50,DE
Data Scientist,EX,FT,95942,192421,L,0,GB
ML Engineer,MI,CT,43689,105033,L,100,GB
Data Scientist,MI,FT,194006,128239,L,100,IN
ML Engineer,MI,FT,63276,160407,S,50,IN
ML Engineer,SE,FT,131968,74041,M,0,GB
ML Engineer,SE,FT,180945,61954,L,50,GB
Data Scientist,SE,FT,43050,38002,S,100,DE
Analyst,SE,FT,96216,99783,L,0,GB
ML Engineer,EN,FT,114040,137524,L,100,CA
Data Engineer,SE,FT,51644,154857,L,100,US
Data Scientist,SE,PT,92021,49738,L,0,GB
ML Engineer,EX,FT,198197,40703,L,0,IN
ML Engineer,EN,FT,72291,143776,S,50,CA
Data Engineer,EX,FT,196132,173464,M,50,IN
Analyst,EX,FT,162610,74724,M,100,CA
Analyst,SE,FT,197248,62299,M,0,GB
Analyst,SE,FT,71520,45641,M,0,US
ML Engineer,EN,PT,55675,109534,S,50,IN
ML Engineer,MI,FT,179359,36305,S,100,CA
ML Engineer,SE,FL,30174,48782,S,100,DE
Data Scientist,EN,FT,122268,108257,L,50,GB
Data Engineer,SE,FT,64998,107963,L,0,US
ML Engineer,SE,FT,173184,151987,L,50,GB
Data Engineer,MI,FT,135410,181638,M,50,DE
Data Engineer,MI,FT,105225,154591,L,50,US
Analyst,MI,FT,74814,97766,M,50,DE
Data Scientist,SE,FT,115091,36511,L,0,GB
ML Engineer,EN,FT,80719,144816,M,50,CA
Analyst,SE,FT,159887,187249,L,0,GB
Analyst,SE,FT,63919,34765,L,50,GB
ML Engineer,EN,FT,103155,181426,S,100,GB
Data Engineer,EX,FT,101569,53929,L,0,IN
Analyst,EN,CT,71328,189892,L,100,DE
Data Engineer,EN,FT,54618,141576,S,50,DE
Data Scientist,MI,FL,64675,190595,M,50,DE
Data Engineer,MI,FT,48919,101088,S,50,IN
Data Scientist,SE,FT,34173,107525,S,0,CA
Data Engineer,MI,FT,139369,43780,M,100,GB
Analyst,SE,FT,56400,36589,L,0,CA
Analyst,SE,FT,100305,195884,M,0,IN
Data Scientist,EN,FT,198636,123664,L,50,DE
ML Engineer,MI,FT,118791,134188,L,100,GB
Data Scientist,SE,FT,189034,123326,M,50,US
Data Scientist,SE,FT,100533,70953,S,0,US
Data Engineer,MI,FT,133591,95785,M,50,CA
Data Engineer,SE,FT,171650,49309,L,100,DE
Data Scientist,EN,FT,161060,84195,M,50,US
Analyst,MI,FT,179696,55901,M,100,CA
Data Engineer,MI,FT,69194,184648,L,100,IN
ML Engineer,MI,FT,139903,192580,S,50,CA
Data Engineer,EN,FT,161461,55464,M,0,CA
Data Engineer,SE,FT,129303,46260,L,50,CA
ML Engineer,MI,FT,143903,154997,L,0,GB
Data Scientist,MI,FT,97391,65440,M,0,CA
ML Engineer,SE,FT,174866,125082,S,50,CA
Data Scientist,EN,FT,88002,135583,M,0,GB
Data Scientist,EN,FT,65531,86683,S,0,GB
Data Scientist,MI,FT,34986,154206,S,50,IN
ML Engineer,EN,FT,62298,163059,S,50,DE
Data Scientist,EN,FT,31481,186177,S,50,US
Analyst,EN,FT,86408,108484,M,0,US
ML Engineer,EN,FT,151950,174098,L,100,CA
Analyst,MI,FT,177907,98309,L,0,IN
Data Scientist,MI,FT,155355,75927,L,100,CA
Data Engineer,MI,FT,57798,72946,L,50,US
Data Scientist,EN,FT,121649,156503,L,100,GB
Analyst,SE,FT,94887,171449,L,50,DE
Analyst,EN,FT,49477,83592,M,50,IN
ML Engineer,EN,FT,178338,168419,S,100,GB
Data Engineer,SE,FT,157815,63776,L,50,DE
ML Engineer,EN,FT,157426,164855,M,100,IN
Analyst,SE,FT,172961,85798,L,50,IN
Data Scientist,SE,FT,54335,165370,L,0,US
Data Engineer,EN,FT,172326,100204,S,0,GB
Data Scientist,SE,FT,116610,116207,S,50,IN
Data Scientist,EN,CT,41442,130356,S,50,IN
Data Engineer,EN,FT,76289,90652,L,100,DE
ML Engineer,MI,FT,83747,195556,L,0,US
Data Scientist,SE,FT,67327,159572,L,100,CA
Analyst,SE,FT,177271,50922,S,50,US
Data Scientist,MI,FT,102827,195100,M,50,CA
Data Engineer,EX,FT,136464,181388,L,100,GB
Data Engineer,MI,FT,161184,106996,L,50,GB
Data Engineer,SE,FT,117051,178040,L,0,IN
ML Engineer,MI,FT,180653,60266,M,100,GB
Data Scientist,MI,FT,89722,185072,L,0,IN
ML Engineer,EN,FT,122036,175083,M,0,US
ML Engineer,SE,FT,177595,32866,L,0,GB
Data Engineer,EN,FT,96960,142669,M,100,US
Data Engineer,MI,FT,49552,35898,L,50,US
ML Engineer,EX,FT,171880,48395,S,0,GB
Data Scientist,SE,FT,184692,34006,S,0,US
Analyst,MI,FT,30887,195465,S,0,GB
ML Engineer,EX,FT,61802,40956,S,50,GB
Data Scientist,SE,FT,115024,167150,L,50,GB
Data Engineer,EX,PT,148639,190703,S,100,CA
Data Engineer,MI,FT,148248,125676,M,50,US
Data Scientist,SE,FT,111938,151724,S,100,DE
Analyst,SE,FT,152746,92901,S,100,GB
Data Engineer,EN,FT,56049,137227,S,100,US
Data Engineer,SE,FT,107789,147192,L,100,IN
Data Engineer,MI,PT,114526,61417,S,100,GB
Data Scientist,SE,FT,168918,118020,M,0,GB
ML Engineer,MI,FT,76220,113639,S,50,DE
Data Engineer,SE,FT,76163,124881,S,0,CA
ML Engineer,EN,FT,164837,162659,S,100,CA
Analyst,EX,FT,147126,151688,M,50,GB
Data Engineer,EX,FT,111486,145584,S,0,US
Data Engineer,EN,FT,105277,116567,M,0,IN
Analyst,SE,FT,134245,105886,M,100,IN
Data Engineer,EN,CT,152332,179888,S,0,US
ML Engineer,SE,FT,52931,59432,M,0,GB
Data Scientist,SE,FT,119116,102373,L,0,IN
ML Engineer,SE,FT,85633,195289,S,0,CA
Data Scientist,MI,FT,81913,50884,S,0,US
Data Scientist,EN,PT,124776,35454,M,100,DE
ML Engineer,MI,FT,55991,104960,M,100,GB
ML Engineer,MI,FT,134092,132421,S,0,US
ML Engineer,SE,FT,171633,73618,L,100,IN
ML Engineer,EX,PT,177973,77111,M,100,GB
Analyst,MI,FT,125556,150592,M,50,CA
Data Engineer,MI,FT,92875,89993,L,0,GB
Data Scientist,SE,FT,186989,158652,L,100,GB
ML Engineer,EN,CT,92120,169920,S,100,CA
ML Engineer,MI,FT,163060,108672,L,0,CA
ML Engineer,SE,FT,140041,96125,S,50,GB
Analyst,SE,FT,158467,147509,L,0,CA
ML Engineer,MI,FT,175328,91602,M,50,US
ML Engineer,MI,FT,148490,72222,S,0,CA
ML Engineer,SE,FT,156155,79223,S,0,CA
Data Engineer,EX,FT,58230,95333,S,0,GB
Analyst,SE,FT,89778,152650,L,0,US
ML Engineer,MI,FT,75833,79420,M,50,DE
Data Scientist,EX,FT,52625,105504,S,50,DE
Data Scientist,MI,FT,62088,32462,S,100,IN
Data Scientist,MI,FT,133937,39460,S,0,CA
Analyst,SE,FT,106361,129319,S,50,CA
Analyst,SE,FT,118229,170347,M,50,US
Data Scientist,EX,FT,165189,174341,L,50,DE
ML Engineer,MI,FT,120265,159593,M,0,IN
Analyst,EN,FT,127718,152672,S,100,US
Data Scientist,SE,FT,90710,102920,M,50,CA
Data Scientist,SE,PT,124876,52553,S,0,DE
ML Engineer,SE,FT,60949,185438,L,50,IN
Data Engineer,MI,FT,183619,74036,L,50,GB
Analyst,SE,FT,98136,178441,L,100,DE
ML Engineer,EN,FT,141541,172867,S,50,IN
Data Scientist,MI,FT,91842,100021,M,50,US
Data Scientist,EX,FT,56990,137205,L,0,GB
ML Engineer,SE,FT,177265,191215,S,0,IN
Analyst,EN,FT,60109,190497,S,100,IN
Data Engineer,EN,FT,160356,118209,M,0,CA
Data Engineer,EN,FT,180305,105139,L,0,DE
Data Scientist,EN,FL,158133,35368,S,100,CA
Analyst,EN,FT,195582,165693,M,50,GB
Data Engineer,MI,FT,31306,88829,L,100,IN
Analyst,SE,FT,33849,159036,M,0,CA
Analyst,SE,FT,42360,44719,M,100,DE
Data Scientist,EX,FT,141072,59227,S,50,GB
Data Engineer,MI,FT,124767,139430,S,100,US
ML Engineer,EN,FT,198035,168638,S,0,CA
Data Scientist,MI,PT,84330,42306,M,0,GB
Data Engineer,SE,FT,81707,83822,S,100,US
Data Engineer,SE,FT,48689,54042,M,50,CA
Data Engineer,MI,FT,59084,176158,M,100,GB
Data Engineer,MI,FT,70387,178459,S,50,GB
Data Engineer,SE,FT,104816,188114,L,50,CA
Analyst,MI,FT,32642,119424,L,100,GB
Data Scientist,SE,FT,72137,179395,L,50,IN
Analyst,MI,FT,92260,48019,M,0,CA
ML Engineer,SE,FT,176510,105426,M,100,GB
Data Engineer,EN,FT,78442,70863,M,50,US
Data Scientist,SE,FT,133061,141023,S,0,US
Data Engineer,MI,FT,164066,171355,M,100,IN
Data Scientist,SE,FT,155844,179351,S,0,CA
Analyst,SE,FT,129575,76999,S,0,GB
Data Scientist,SE,FT,31813,92780,L,0,GB
ML Engineer,MI,FT,123027,52908,L,50,US
ML Engineer,MI,FT,153489,156278,L,100,IN
Data Scientist,SE,FT,114381,143002,S,100,US
Data Scientist,MI,FT,85276,199024,S,50,US
Data Scientist,EN,FT,71243,130706,S,100,IN
Data Scientist,EN,FT,90272,198735,M,0,CA
ML Engineer,SE,FT,95618,152019,S,100,GB
Data Engineer,MI,CT,31920,139708,L,50,CA
Data Scientist,SE,FT,136121,39343,L,0,DE
Data Scientist,SE,FT,106872,106173,S,50,DE
ML Engineer,EX,FT,111132,130260,S,0,DE
ML Engineer,SE,FT,32093,190206,L,0,IN
Analyst,MI,FT,42905,99443,S,100,US
Data Scientist,MI,FT,151759,87530,L,0,CA
Analyst,EN,FT,185423,165899,M,50,GB
ML Engineer,MI,FT,60981,126143,L,100,DE
ML Engineer,SE,FT,103903,174771,M,50,CA
Data Engineer,SE,FT,100821,144527,S,0,DE
Data Scientist,MI,FT,139200,166385,S,50,DE
Analyst,SE,CT,112289,174670,M,50,GB
ML Engineer,SE,FT,146506,141362,S,0,IN
ML Engineer,SE,FT,108513,58807,M,100,US
Analyst,SE,FT,180946,89550,S,50,IN
Data Engineer,SE,FT,168746,33558,L,0,CA
ML Engineer,SE,FT,80516,80113,S,100,IN
Data Scientist,MI,FT,99212,82999,L,100,CA
ML Engineer,MI,FT,163498,197415,L,100,CA
Data Scientist,EN,FT,160970,88219,M,50,US
Analyst,SE,FT,120009,196258,S,50,GB
Data Scientist,SE,FT,191015,198038,M,50,US
Analyst,SE,FT,74816,194841,S,100,IN
Data Scientist,MI,FT,34138,83218,L,50,CA
Analyst,EN,FT,121176,49229,L,0,DE
Data Scientist,SE,FT,105945,105209,S,50,DE
Data Engineer,EX,FT,34017,57877,S,50,CA
Data Scientist,SE,FT,40451,127137,M,100,US
Data Scientist,MI,FT,123863,68084,S,50,GB
Data Engineer,EN,PT,40278,111780,S,0,US
ML Engineer,EN,FT,73764,177878,S,100,CA
ML Engineer,EN,FT,153030,67034,M,0,CA
Data Scientist,EN,FT,162206,85468,S,100,GB
Data Engineer,SE,FT,92943,180166,L,100,IN
Data Scientist,EN,FT,125667,40589,M,50,IN
Analyst,SE,FT,84318,87221,M,0,GB
Analyst,EN,FT,133423,31657,L,100,IN
Data Scientist,MI,FT,133998,128300,L,50,DE
ML Engineer,EN,FT,90128,147229,L,100,IN
ML Engineer,MI,FL,51869,69531,S,100,IN
Data Scientist,MI,FT,35039,82227,L,100,IN
Data Scientist,MI,FT,182353,33164,S,100,DE
Analyst,EN,FT,142935,123078,M,100,IN
ML Engineer,SE,FT,40442,71247,M,100,DE
Data Scientist,SE,FT,103788,180673,L,50,GB
Analyst,SE,PT,149729,80599,S,100,US
ML Engineer,SE,FT,57586,165624,L,0,GB
Data Engineer,EN,FT,83053,170489,L,50,US
Analyst,SE,FT,116346,98207,S,0,GB
ML Engineer,EX,FT,97087,102055,L,100,US
ML Engineer,SE,CT,173697,132266,M,0,US
Analyst,SE,FT,64397,108270,L,100,CA
Data Engineer,EN,FT,88671,141426,S,100,US
Analyst,MI,FT,146214,164794,S,50,US
ML Engineer,MI,FT,96897,100442,M,50,CA
Data Scientist,MI,FT,187221,125632,S,100,IN
Data Scientist,EN,FT,166355,51438,S,50,IN
Analyst,SE,FT,168682,88819,M,0,CA
ML Engineer,EX,FT,44924,73856,L,50,DE
Data Scientist,EX,FT,143143,194648,M,50,US
ML Engineer,MI,FT,140253,71938,L,0,US
Analyst,SE,FT,130297,89807,M,50,CA
Data Scientist,MI,FT,30869,79877,L,100,CA
ML Engineer,SE,FT,127088,73461,M,0,DE
Data Scientist,SE,FT,31014,123474,L,100,IN
Analyst,SE,FT,40103,113136,M,0,GB
ML Engineer,MI,FT,140317,50435,L,100,IN
Data Scientist,EN,FT,194530,175263,M,100,US
Analyst,EN,FT,112409,114726,S,50,CA
Data Scientist,EN,PT,53248,188458,L,100,DE
Data Scientist,MI,FT,190133,192793,M,50,IN
Data Engineer,SE,FT,185242,84786,L,0,DE
Data Engineer,SE,FT,38024,43704,L,100,IN
Analyst,EX,FT,115947,86635,M,100,US
Data Engineer,SE,FT,180368,163195,L,0,GB
Analyst,EN,FT,121829,120710,M,0,DE
Data Engineer,MI,PT,122708,92993,S,100,DE
Data Scientist,MI,FT,116664,142752,L,0,GB
Analyst,EN,FT,179329,186488,S,50,DE
Analyst,MI,FT,173927,162886,L,0,DE
Data Scientist,EN,FT,115178,108537,L,0,IN
Analyst,EX,PT,131121,80258,L,100,IN
Analyst,MI,FT,50025,177580,M,50,GB
Data Engineer,SE,FT,165530,115166,S,0,US
Analyst,MI,FT,93610,143710,L,50,DE
ML Engineer,EX,FT,100843,65699,M,50,US
Data Scientist,SE,FT,137237,76335,L,50,GB
Data Engineer,MI,FT,160299,76806,M,100,GB
Data Engineer,MI,FT,199578,107853,L,0,IN
ML Engineer,EN,FT,35668,65739,S,100,DE
Data Scientist,SE,FT,103233,64785,S,0,CA
Data Scientist,EN,FT,185489,193052,L,0,GB
Data Engineer,EX,FT,111982,115016,M,100,DE
Analyst,SE,FT,136133,162681,L,50,US
Data Engineer,SE,FT,40751,96253,M,50,IN
Data Scientist,EX,FT,76218,121128,L,0,US
ML Engineer,SE,FT,156649,189213,M,100,GB
Data Engineer,EN,FT,37352,191081,S,50,GB
Data Scientist,MI,FT,118835,157581,L,50,US
Data Engineer,SE,FT,127493,140966,S,0,GB
Analyst,EN,FT,58927,167854,S,0,DE
Data Engineer,MI,FT,131948,129352,L,100,GB
Data Engineer,MI,FT,59493,187005,L,0,IN
Data Scientist,SE,FT,61707,107154,M,50,DE
Data Scientist,MI,FT,168368,169379,M,50,CA
Data Scientist,SE,FT,186470,138297,S,50,GB
Data Engineer,SE,FT,65842,68346,M,50,GB
Analyst,EX,PT,43261,142138,M,100,IN
ML Engineer,SE,FT,106709,80772,L,100,IN
ML Engineer,MI,FT,125985,70149,M,0,US
Data Scientist,SE,FT,136616,116700,S,0,US
Data Scientist,EN,FT,97173,188598,M,0,US
Data Engineer,SE,FT,61781,126758,S,100,IN
ML Engineer,EX,FT,43652,158447,L,50,US
Data Scientist,MI,FT,35103,35695,S,0,US
Analyst,SE,FT,55500,69169,M,50,CA
Analyst,SE,FT,130336,77947,L,0,US
Data Scientist,SE,FT,196601,75865,M,0,GB
Data Scientist,MI,FT,143499,186625,L,0,IN
ML Engineer,SE,FT,179524,134501,L,0,DE
ML Engineer,EN,FT,79393,90410,M,0,CA
Data Engineer,MI,FT,192246,133754,M,50,IN
ML Engineer,SE,FT,196508,120895,L,0,IN
Analyst,MI,FT,77406,185888,L,50,GB
Analyst,EN,FT,93059,80705,M,100,US
Data Scientist,SE,FT,177026,145700,S,0,GB
ML Engineer,SE,FT,112722,103914,M,50,US
Data Engineer,SE,FT,42356,31881,L,100,US
Analyst,EN,FT,158128,77365,M,100,IN
Analyst,MI,FT,32187,109211,S,100,US
Data Engineer,MI,FT,107243,186078,M,50,CA
Data Engineer,EN,FT,65098,71198,L,0,CA
Analyst,EN,FT,182297,183903,M,0,CA
Analyst,MI,FL,164678,130649,L,50,IN
Data Engineer,EN,FT,87620,177531,L,0,GB
Analyst,SE,FT,193900,193515,M,50,DE
Data Scientist,SE,FT,156270,166949,L,0,US
Data Scientist,SE,FT,187561,69553,L,100,DE
Data Engineer,SE,FT,44387,165994,S,0,GB
ML Engineer,MI,FT,99463,152778,S,50,GB
Data Engineer,EX,CT,163663,147018,S,50,IN
Data Engineer,SE,FT,121683,165758,S,100,CA
ML Engineer,SE,FT,92061,62766,L,50,CA
ML Engineer,MI,FT,111257,62006,M,0,GB
ML Engineer,EX,FT,91753,61422,L,0,IN
Data Scientist,SE,FT,114774,146590,L,100,IN
Analyst,MI,FT,172159,42205,L,50,US
Data Scientist,SE,FT,191888,184599,M,100,CA
Analyst,SE,FT,53408,179515,S,0,GB
Data Scientist,EX,FT,154116,177596,L,100,DE
Analyst,EX,PT,161208,146477,L,50,CA
Data Scientist,SE,FT,47413,58202,S,100,US
ML Engineer,EX,CT,143650,91692,L,50,IN
Data Engineer,MI,FT,89500,50855,M,50,GB
Data Scientist,EN,FT,114514,55095,L,0,CA
Analyst,MI,FT,86358,199796,L,0,DE
ML Engineer,MI,FT,96197,79241,S,0,US
Data Scientist,MI,FL,193926,133119,L,50,US
Data Scientist,MI,FT,106240,82003,L,100,CA
ML Engineer,SE,CT,46322,124837,M,50,DE
Data Scientist,SE,FT,143053,124283,S,0,US
Data Engineer,SE,FT,36968,177044,S,0,GB
Data Scientist,EN,FT,57518,153805,M,100,US
Data Engineer,SE,FT,81925,123846,L,0,DE
Data Engineer,MI,FT,141900,52927,S,0,IN
ML Engineer,EX,FT,123422,150589,S,0,IN
Data Scientist,SE,FT,31700,145657,L,100,CA
ML Engineer,MI,FT,123782,96630,L,50,DE
Data Scientist,MI,FT,53199,134428,S,0,US
Data Scientist,EN,FT,193187,152035,L,100,US
Analyst,SE,FT,35520,156244,S,0,IN
Data Scientist,MI,FT,139814,99518,L,100,IN
ML Engineer,EN,FT,197527,111326,L,0,GB
Data Engineer,EX,FT,153364,173277,M,100,IN
Data Scientist,MI,FT,44955,150243,L,0,GB
Analyst,MI,FT,174989,42748,M,50,US
ML Engineer,MI,CT,94925,182169,L,0,GB
Data Scientist,EN,FT,137216,164164,S,100,GB
ML Engineer,MI,FT,100269,83311,S,0,CA
Analyst,SE,FT,192026,52692,L,50,IN
Analyst,EX,FT,71458,154954,L,0,GB
ML Engineer,MI,FT,119037,184934,S,100,US
Data Scientist,MI,FT,182185,160035,L,100,DE
Data Engineer,SE,FT,129977,109507,M,50,GB
Analyst,MI,FT,73939,110152,M,100,IN
Data Scientist,SE,FL,59345,34926,M,0,CA
Data Scientist,MI,FT,140107,33969,M,0,US
Data Engineer,SE,FT,151866,65733,M,0,CA
Analyst,MI,FT,99166,99855,L,100,DE
Analyst,EX,FT,127406,71743,L,0,GB
Data Scientist,SE,FT,79298,160193,M,0,GB
Data Scientist,EX,FT,74942,137445,L,0,IN
Data Engineer,MI,FT,33453,50323,L,50,GB
Data Engineer,EN,FT,132811,46428,M,100,US
Analyst,EN,FT,84935,64578,L,100,DE
ML Engineer,MI,FT,152439,116486,L,100,CA
Analyst,EN,CT,38328,94140,L,50,DE
Data Scientist,EN,PT,45534,137325,M,100,GB
Analyst,MI,FT,115280,113829,L,50,CA
ML Engineer,SE,FT,66320,36364,S,50,IN
Data Engineer,MI,FT,79170,158867,S,100,DE
ML Engineer,EN,FT,130546,196421,M,0,CA
ML Engineer,EN,FT,110201,161763,S,0,CA
ML Engineer,EN,FT,38640,125598,M,100,CA
Data Engineer,MI,FT,191121,87062,S,100,US
ML Engineer,EN,FT,166690,174933,S,50,DE
ML Engineer,SE,FT,162992,118302,S,100,CA
ML Engineer,MI,PT,73937,93928,M,50,DE
Data Scientist,SE,FT,173279,71347,M,100,CA
ML Engineer,SE,FT,194044,33121,L,0,IN
Data Engineer,SE,FL,171871,113793,M,0,IN
ML Engineer,SE,FT,189988,58164,S,100,IN
ML Engineer,MI,FT,100463,55491,S,50,GB
Data Engineer,SE,FT,123500,89222,M,0,CA
ML Engineer,MI,FT,67158,184237,M,50,GB
Data Engineer,SE,FT,114607,33748,M,100,DE
ML Engineer,SE,FT,149639,56553,L,100,GB
Data Engineer,SE,FT,101696,146547,S,0,DE
ML Engineer,SE,FT,91510,90380,L,100,DE
ML Engineer,MI,FT,150076,74331,L,0,DE
Data Scientist,MI,FT,88692,150617,S,50,GB
Data Scientist,MI,FT,160841,69560,S,0,CA
ML Engineer,MI,FT,45810,83865,M,0,GB
ML Engineer,SE,FL,166198,105910,M,50,CA
Analyst,EN,FT,191081,165747,L,0,CA
Analyst,MI,FT,48354,-5000,L,50,US
ML Engineer,MI,FT,52190,5000000,M,50,DE
Data Scientist,SE,FT,36142,30192,M,0,CA
Analyst,EN,FT,189470,66413,L,0,IN
Analyst,MI,FT,71862,173888,L,50,GB
ML Engineer,SE,FT,180575,69082,S,0,GB
Data Scientist,EX,FT,155438,95048,S,50,US
Data Scientist,EN,FT,78456,153130,S,0,CA
Analyst,EX,FT,130167,80940,L,0,DE
Data Engineer,EN,FT,112035,193202,L,0,GB
